{
 "builder": {
  "_version": "10.1d",
  "_modelsim_ini": {
   "name": "/home/michael/Dokumente/KIT/Elektronik-Praktikum/.hdl_checker/modelsim.ini",
   "__class__": "Path"
  },
  "_logger": "hdl_checker.builders.msim",
  "_work_folder": "/home/michael/Dokumente/KIT/Elektronik-Praktikum/.hdl_checker",
  "_builtin_libraries": [
   {
    "name": "cycloneiv_hssi_ver",
    "case_sensitive": false,
    "__class__": "Identifier"
   },
   {
    "name": "synopsys",
    "case_sensitive": false,
    "__class__": "Identifier"
   },
   {
    "name": "hardcopyiii_ver",
    "case_sensitive": false,
    "__class__": "Identifier"
   },
   {
    "name": "arriaii_ver",
    "case_sensitive": false,
    "__class__": "Identifier"
   },
   {
    "name": "stratixv_hssi",
    "case_sensitive": false,
    "__class__": "Identifier"
   },
   {
    "name": "altera_ver",
    "case_sensitive": false,
    "__class__": "Identifier"
   },
   {
    "name": "lpm",
    "case_sensitive": false,
    "__class__": "Identifier"
   },
   {
    "name": "maxii_ver",
    "case_sensitive": false,
    "__class__": "Identifier"
   },
   {
    "name": "hardcopyiii",
    "case_sensitive": false,
    "__class__": "Identifier"
   },
   {
    "name": "altera_lnsim_ver",
    "case_sensitive": false,
    "__class__": "Identifier"
   },
   {
    "name": "hardcopyiv_hssi",
    "case_sensitive": false,
    "__class__": "Identifier"
   },
   {
    "name": "ieee",
    "case_sensitive": false,
    "__class__": "Identifier"
   },
   {
    "name": "hardcopyiv_pcie_hip_ver",
    "case_sensitive": false,
    "__class__": "Identifier"
   },
   {
    "name": "sv_std",
    "case_sensitive": false,
    "__class__": "Identifier"
   },
   {
    "name": "cycloneive_ver",
    "case_sensitive": false,
    "__class__": "Identifier"
   },
   {
    "name": "cyclonev_ver",
    "case_sensitive": false,
    "__class__": "Identifier"
   },
   {
    "name": "stratixgx",
    "case_sensitive": false,
    "__class__": "Identifier"
   },
   {
    "name": "arriav",
    "case_sensitive": false,
    "__class__": "Identifier"
   },
   {
    "name": "arriaiigz",
    "case_sensitive": false,
    "__class__": "Identifier"
   },
   {
    "name": "arriaiigz_pcie_hip",
    "case_sensitive": false,
    "__class__": "Identifier"
   },
   {
    "name": "cycloneive",
    "case_sensitive": false,
    "__class__": "Identifier"
   },
   {
    "name": "std_developerskit",
    "case_sensitive": false,
    "__class__": "Identifier"
   },
   {
    "name": "cycloneiv_hssi",
    "case_sensitive": false,
    "__class__": "Identifier"
   },
   {
    "name": "sgate_ver",
    "case_sensitive": false,
    "__class__": "Identifier"
   },
   {
    "name": "stratixiv_ver",
    "case_sensitive": false,
    "__class__": "Identifier"
   },
   {
    "name": "max_ver",
    "case_sensitive": false,
    "__class__": "Identifier"
   },
   {
    "name": "hardcopyii_ver",
    "case_sensitive": false,
    "__class__": "Identifier"
   },
   {
    "name": "cycloneii_ver",
    "case_sensitive": false,
    "__class__": "Identifier"
   },
   {
    "name": "arriagx_hssi_ver",
    "case_sensitive": false,
    "__class__": "Identifier"
   },
   {
    "name": "arriavgz_pcie_hip",
    "case_sensitive": false,
    "__class__": "Identifier"
   },
   {
    "name": "arriavgz_ver",
    "case_sensitive": false,
    "__class__": "Identifier"
   },
   {
    "name": "stratixiv_hssi",
    "case_sensitive": false,
    "__class__": "Identifier"
   },
   {
    "name": "stratix_ver",
    "case_sensitive": false,
    "__class__": "Identifier"
   },
   {
    "name": "hardcopyiv_ver",
    "case_sensitive": false,
    "__class__": "Identifier"
   },
   {
    "name": "stratixv_ver",
    "case_sensitive": false,
    "__class__": "Identifier"
   },
   {
    "name": "stratixii_ver",
    "case_sensitive": false,
    "__class__": "Identifier"
   },
   {
    "name": "altera_mf",
    "case_sensitive": false,
    "__class__": "Identifier"
   },
   {
    "name": "cyclone_ver",
    "case_sensitive": false,
    "__class__": "Identifier"
   },
   {
    "name": "stratixii",
    "case_sensitive": false,
    "__class__": "Identifier"
   },
   {
    "name": "stratixiii_ver",
    "case_sensitive": false,
    "__class__": "Identifier"
   },
   {
    "name": "cycloneiiils",
    "case_sensitive": false,
    "__class__": "Identifier"
   },
   {
    "name": "stratixv_pcie_hip",
    "case_sensitive": false,
    "__class__": "Identifier"
   },
   {
    "name": "cycloneiv",
    "case_sensitive": false,
    "__class__": "Identifier"
   },
   {
    "name": "max",
    "case_sensitive": false,
    "__class__": "Identifier"
   },
   {
    "name": "hardcopyiv",
    "case_sensitive": false,
    "__class__": "Identifier"
   },
   {
    "name": "stratixiv_hssi_ver",
    "case_sensitive": false,
    "__class__": "Identifier"
   },
   {
    "name": "modelsim_lib",
    "case_sensitive": false,
    "__class__": "Identifier"
   },
   {
    "name": "stratixv_hssi_ver",
    "case_sensitive": false,
    "__class__": "Identifier"
   },
   {
    "name": "stratixv",
    "case_sensitive": false,
    "__class__": "Identifier"
   },
   {
    "name": "stratixiigx",
    "case_sensitive": false,
    "__class__": "Identifier"
   },
   {
    "name": "arriaii",
    "case_sensitive": false,
    "__class__": "Identifier"
   },
   {
    "name": "altgxb_ver",
    "case_sensitive": false,
    "__class__": "Identifier"
   },
   {
    "name": "cyclonev_hssi_ver",
    "case_sensitive": false,
    "__class__": "Identifier"
   },
   {
    "name": "altgxb_lib",
    "case_sensitive": false,
    "__class__": "Identifier"
   },
   {
    "name": "stratixiigx_ver",
    "case_sensitive": false,
    "__class__": "Identifier"
   },
   {
    "name": "hardcopyii",
    "case_sensitive": false,
    "__class__": "Identifier"
   },
   {
    "name": "sgate",
    "case_sensitive": false,
    "__class__": "Identifier"
   },
   {
    "name": "stratixiv_pcie_hip_ver",
    "case_sensitive": false,
    "__class__": "Identifier"
   },
   {
    "name": "arriaiigz_hssi",
    "case_sensitive": false,
    "__class__": "Identifier"
   },
   {
    "name": "arriaii_hssi_ver",
    "case_sensitive": false,
    "__class__": "Identifier"
   },
   {
    "name": "lpm_ver",
    "case_sensitive": false,
    "__class__": "Identifier"
   },
   {
    "name": "arriavgz_hssi",
    "case_sensitive": false,
    "__class__": "Identifier"
   },
   {
    "name": "cycloneiii_ver",
    "case_sensitive": false,
    "__class__": "Identifier"
   },
   {
    "name": "maxv_ver",
    "case_sensitive": false,
    "__class__": "Identifier"
   },
   {
    "name": "arriaiigz_hssi_ver",
    "case_sensitive": false,
    "__class__": "Identifier"
   },
   {
    "name": "hardcopyiv_hssi_ver",
    "case_sensitive": false,
    "__class__": "Identifier"
   },
   {
    "name": "arriagx",
    "case_sensitive": false,
    "__class__": "Identifier"
   },
   {
    "name": "cycloneiv_ver",
    "case_sensitive": false,
    "__class__": "Identifier"
   },
   {
    "name": "arriav_hssi_ver",
    "case_sensitive": false,
    "__class__": "Identifier"
   },
   {
    "name": "arriaii_pcie_hip",
    "case_sensitive": false,
    "__class__": "Identifier"
   },
   {
    "name": "stratix",
    "case_sensitive": false,
    "__class__": "Identifier"
   },
   {
    "name": "arriaiigz_ver",
    "case_sensitive": false,
    "__class__": "Identifier"
   },
   {
    "name": "stratixv_pcie_hip_ver",
    "case_sensitive": false,
    "__class__": "Identifier"
   },
   {
    "name": "cycloneii",
    "case_sensitive": false,
    "__class__": "Identifier"
   },
   {
    "name": "cycloneiiils_ver",
    "case_sensitive": false,
    "__class__": "Identifier"
   },
   {
    "name": "arriavgz_hssi_ver",
    "case_sensitive": false,
    "__class__": "Identifier"
   },
   {
    "name": "stratixiigx_hssi",
    "case_sensitive": false,
    "__class__": "Identifier"
   },
   {
    "name": "arriaiigz_pcie_hip_ver",
    "case_sensitive": false,
    "__class__": "Identifier"
   },
   {
    "name": "stratixiv",
    "case_sensitive": false,
    "__class__": "Identifier"
   },
   {
    "name": "arriaii_hssi",
    "case_sensitive": false,
    "__class__": "Identifier"
   },
   {
    "name": "maxii",
    "case_sensitive": false,
    "__class__": "Identifier"
   },
   {
    "name": "cycloneiii",
    "case_sensitive": false,
    "__class__": "Identifier"
   },
   {
    "name": "arriavgz_pcie_hip_ver",
    "case_sensitive": false,
    "__class__": "Identifier"
   },
   {
    "name": "220model",
    "case_sensitive": false,
    "__class__": "Identifier"
   },
   {
    "name": "hardcopyiv_pcie_hip",
    "case_sensitive": false,
    "__class__": "Identifier"
   },
   {
    "name": "cyclone",
    "case_sensitive": false,
    "__class__": "Identifier"
   },
   {
    "name": "vital2000",
    "case_sensitive": false,
    "__class__": "Identifier"
   },
   {
    "name": "verilog",
    "case_sensitive": false,
    "__class__": "Identifier"
   },
   {
    "name": "stratixgx_ver",
    "case_sensitive": false,
    "__class__": "Identifier"
   },
   {
    "name": "arriagx_hssi",
    "case_sensitive": false,
    "__class__": "Identifier"
   },
   {
    "name": "maxv",
    "case_sensitive": false,
    "__class__": "Identifier"
   },
   {
    "name": "arriav_ver",
    "case_sensitive": false,
    "__class__": "Identifier"
   },
   {
    "name": "altgxb",
    "case_sensitive": false,
    "__class__": "Identifier"
   },
   {
    "name": "arriavgz",
    "case_sensitive": false,
    "__class__": "Identifier"
   },
   {
    "name": "altera_mf_ver",
    "case_sensitive": false,
    "__class__": "Identifier"
   },
   {
    "name": "cyclonev_pcie_hip_ver",
    "case_sensitive": false,
    "__class__": "Identifier"
   },
   {
    "name": "stratixgx_gxb",
    "case_sensitive": false,
    "__class__": "Identifier"
   },
   {
    "name": "220model_ver",
    "case_sensitive": false,
    "__class__": "Identifier"
   },
   {
    "name": "cyclonev",
    "case_sensitive": false,
    "__class__": "Identifier"
   },
   {
    "name": "cycloneiv_pcie_hip",
    "case_sensitive": false,
    "__class__": "Identifier"
   },
   {
    "name": "arriagx_ver",
    "case_sensitive": false,
    "__class__": "Identifier"
   },
   {
    "name": "std",
    "case_sensitive": false,
    "__class__": "Identifier"
   },
   {
    "name": "arriav_pcie_hip_ver",
    "case_sensitive": false,
    "__class__": "Identifier"
   },
   {
    "name": "stratixiv_pcie_hip",
    "case_sensitive": false,
    "__class__": "Identifier"
   },
   {
    "name": "cycloneiv_pcie_hip_ver",
    "case_sensitive": false,
    "__class__": "Identifier"
   },
   {
    "name": "stratixgx_gxb_ver",
    "case_sensitive": false,
    "__class__": "Identifier"
   },
   {
    "name": "stratixiigx_hssi_ver",
    "case_sensitive": false,
    "__class__": "Identifier"
   },
   {
    "name": "altera_lnsim",
    "case_sensitive": false,
    "__class__": "Identifier"
   },
   {
    "name": "stratixiii",
    "case_sensitive": false,
    "__class__": "Identifier"
   },
   {
    "name": "altera",
    "case_sensitive": false,
    "__class__": "Identifier"
   },
   {
    "name": "arriaii_pcie_hip_ver",
    "case_sensitive": false,
    "__class__": "Identifier"
   }
  ],
  "_added_libraries": [
   {
    "name": "shiftregister",
    "case_sensitive": false,
    "__class__": "VhdlIdentifier"
   },
   {
    "name": "fdiv",
    "case_sensitive": false,
    "__class__": "VhdlIdentifier"
   },
   {
    "name": "default_library",
    "case_sensitive": false,
    "__class__": "Identifier"
   }
  ],
  "__class__": "MSim"
 },
 "config_file": [
  {
   "name": "/tmp/hdl_checker_project_pid415319.json",
   "__class__": "Path"
  },
  1705926183.313936,
  "generated"
 ],
 "database": {
  "sources": [
   {
    "path": {
     "name": "/home/michael/Dokumente/KIT/Elektronik-Praktikum/VHDL_Project/orgate.vhd",
     "__class__": "Path"
    },
    "mtime": 1705072678.1513062,
    "flags": {
     "source_specific": [],
     "single": [],
     "dependencies": []
    },
    "dependencies": [
     {
      "owner": {
       "name": "/home/michael/Dokumente/KIT/Elektronik-Praktikum/VHDL_Project/orgate.vhd",
       "__class__": "Path"
      },
      "name": {
       "name": "std_logic_1164",
       "case_sensitive": false,
       "__class__": "VhdlIdentifier"
      },
      "library": {
       "name": "ieee",
       "case_sensitive": false,
       "__class__": "VhdlIdentifier"
      },
      "locations": [
       [
        1,
        4
       ]
      ],
      "__class__": "RequiredDesignUnit"
     },
     {
      "owner": {
       "name": "/home/michael/Dokumente/KIT/Elektronik-Praktikum/VHDL_Project/orgate.vhd",
       "__class__": "Path"
      },
      "name": {
       "name": "numeric_std",
       "case_sensitive": false,
       "__class__": "VhdlIdentifier"
      },
      "library": {
       "name": "ieee",
       "case_sensitive": false,
       "__class__": "VhdlIdentifier"
      },
      "locations": [
       [
        2,
        4
       ]
      ],
      "__class__": "RequiredDesignUnit"
     }
    ],
    "diags": []
   },
   {
    "path": {
     "name": "/home/michael/Dokumente/KIT/Elektronik-Praktikum/V07/Aufgabe 3.1.4/shiftregister.vhd",
     "__class__": "Path"
    },
    "mtime": 1705418935.0343878,
    "flags": {
     "source_specific": [],
     "single": [],
     "dependencies": []
    },
    "dependencies": [
     {
      "owner": {
       "name": "/home/michael/Dokumente/KIT/Elektronik-Praktikum/V07/Aufgabe 3.1.4/shiftregister.vhd",
       "__class__": "Path"
      },
      "name": {
       "name": "numeric_std",
       "case_sensitive": false,
       "__class__": "VhdlIdentifier"
      },
      "library": {
       "name": "ieee",
       "case_sensitive": false,
       "__class__": "VhdlIdentifier"
      },
      "locations": [
       [
        2,
        4
       ]
      ],
      "__class__": "RequiredDesignUnit"
     },
     {
      "owner": {
       "name": "/home/michael/Dokumente/KIT/Elektronik-Praktikum/V07/Aufgabe 3.1.4/shiftregister.vhd",
       "__class__": "Path"
      },
      "name": {
       "name": "std_logic_1164",
       "case_sensitive": false,
       "__class__": "VhdlIdentifier"
      },
      "library": {
       "name": "ieee",
       "case_sensitive": false,
       "__class__": "VhdlIdentifier"
      },
      "locations": [
       [
        1,
        4
       ]
      ],
      "__class__": "RequiredDesignUnit"
     }
    ],
    "diags": [],
    "library": {
     "name": "shiftregister",
     "case_sensitive": false,
     "__class__": "VhdlIdentifier"
    }
   },
   {
    "path": {
     "name": "/home/michael/Dokumente/KIT/Elektronik-Praktikum/V07/Aufgabe 3.1.1/sevensegment.vhd",
     "__class__": "Path"
    },
    "mtime": 1705315682.9926715,
    "flags": {
     "source_specific": [],
     "single": [],
     "dependencies": []
    },
    "dependencies": [
     {
      "owner": {
       "name": "/home/michael/Dokumente/KIT/Elektronik-Praktikum/V07/Aufgabe 3.1.1/sevensegment.vhd",
       "__class__": "Path"
      },
      "name": {
       "name": "std_logic_1164",
       "case_sensitive": false,
       "__class__": "VhdlIdentifier"
      },
      "library": {
       "name": "ieee",
       "case_sensitive": false,
       "__class__": "VhdlIdentifier"
      },
      "locations": [
       [
        1,
        4
       ]
      ],
      "__class__": "RequiredDesignUnit"
     },
     {
      "owner": {
       "name": "/home/michael/Dokumente/KIT/Elektronik-Praktikum/V07/Aufgabe 3.1.1/sevensegment.vhd",
       "__class__": "Path"
      },
      "name": {
       "name": "numeric_std",
       "case_sensitive": false,
       "__class__": "VhdlIdentifier"
      },
      "library": {
       "name": "ieee",
       "case_sensitive": false,
       "__class__": "VhdlIdentifier"
      },
      "locations": [
       [
        2,
        4
       ]
      ],
      "__class__": "RequiredDesignUnit"
     }
    ],
    "diags": []
   },
   {
    "path": {
     "name": "/home/michael/Dokumente/KIT/Elektronik-Praktikum/V08/Aufgabe 4.2/debounce.vhd",
     "__class__": "Path"
    },
    "mtime": 1705599865.3079352,
    "flags": {
     "source_specific": [],
     "single": [],
     "dependencies": []
    },
    "dependencies": [
     {
      "owner": {
       "name": "/home/michael/Dokumente/KIT/Elektronik-Praktikum/V08/Aufgabe 4.2/debounce.vhd",
       "__class__": "Path"
      },
      "name": {
       "name": "std_logic_1164",
       "case_sensitive": false,
       "__class__": "VhdlIdentifier"
      },
      "library": {
       "name": "ieee",
       "case_sensitive": false,
       "__class__": "VhdlIdentifier"
      },
      "locations": [
       [
        1,
        4
       ]
      ],
      "__class__": "RequiredDesignUnit"
     },
     {
      "owner": {
       "name": "/home/michael/Dokumente/KIT/Elektronik-Praktikum/V08/Aufgabe 4.2/debounce.vhd",
       "__class__": "Path"
      },
      "name": {
       "name": "numeric_std",
       "case_sensitive": false,
       "__class__": "VhdlIdentifier"
      },
      "library": {
       "name": "ieee",
       "case_sensitive": false,
       "__class__": "VhdlIdentifier"
      },
      "locations": [
       [
        2,
        4
       ]
      ],
      "__class__": "RequiredDesignUnit"
     }
    ],
    "diags": []
   },
   {
    "path": {
     "name": "/home/michael/Dokumente/KIT/Elektronik-Praktikum/V09/Aufgabe 5.2/prng.vhd",
     "__class__": "Path"
    },
    "mtime": 1705926131.985595,
    "flags": {
     "source_specific": [],
     "single": [],
     "dependencies": []
    },
    "dependencies": [
     {
      "owner": {
       "name": "/home/michael/Dokumente/KIT/Elektronik-Praktikum/V09/Aufgabe 5.2/prng.vhd",
       "__class__": "Path"
      },
      "name": {
       "name": "std_logic_1164",
       "case_sensitive": false,
       "__class__": "VhdlIdentifier"
      },
      "library": {
       "name": "ieee",
       "case_sensitive": false,
       "__class__": "VhdlIdentifier"
      },
      "locations": [
       [
        1,
        4
       ]
      ],
      "__class__": "RequiredDesignUnit"
     },
     {
      "owner": {
       "name": "/home/michael/Dokumente/KIT/Elektronik-Praktikum/V09/Aufgabe 5.2/prng.vhd",
       "__class__": "Path"
      },
      "name": {
       "name": "numeric_std",
       "case_sensitive": false,
       "__class__": "VhdlIdentifier"
      },
      "library": {
       "name": "ieee",
       "case_sensitive": false,
       "__class__": "VhdlIdentifier"
      },
      "locations": [
       [
        2,
        4
       ]
      ],
      "__class__": "RequiredDesignUnit"
     }
    ],
    "diags": []
   },
   {
    "path": {
     "name": "/home/michael/Dokumente/KIT/Elektronik-Praktikum/V07/Aufgabe 3.1.4/fdiv.vhd",
     "__class__": "Path"
    },
    "mtime": 1705418325.5501633,
    "flags": {
     "source_specific": [],
     "single": [],
     "dependencies": []
    },
    "dependencies": [
     {
      "owner": {
       "name": "/home/michael/Dokumente/KIT/Elektronik-Praktikum/V07/Aufgabe 3.1.4/fdiv.vhd",
       "__class__": "Path"
      },
      "name": {
       "name": "std_logic_1164",
       "case_sensitive": false,
       "__class__": "VhdlIdentifier"
      },
      "library": {
       "name": "ieee",
       "case_sensitive": false,
       "__class__": "VhdlIdentifier"
      },
      "locations": [
       [
        1,
        4
       ]
      ],
      "__class__": "RequiredDesignUnit"
     },
     {
      "owner": {
       "name": "/home/michael/Dokumente/KIT/Elektronik-Praktikum/V07/Aufgabe 3.1.4/fdiv.vhd",
       "__class__": "Path"
      },
      "name": {
       "name": "numeric_std",
       "case_sensitive": false,
       "__class__": "VhdlIdentifier"
      },
      "library": {
       "name": "ieee",
       "case_sensitive": false,
       "__class__": "VhdlIdentifier"
      },
      "locations": [
       [
        2,
        4
       ]
      ],
      "__class__": "RequiredDesignUnit"
     }
    ],
    "diags": [],
    "library": {
     "name": "fdiv",
     "case_sensitive": false,
     "__class__": "VhdlIdentifier"
    }
   },
   {
    "path": {
     "name": "/home/michael/Dokumente/KIT/Elektronik-Praktikum/V07/Aufgabe 3.1.4/running_light.vhd",
     "__class__": "Path"
    },
    "mtime": 1705499774.327931,
    "flags": {
     "source_specific": [],
     "single": [],
     "dependencies": []
    },
    "dependencies": [
     {
      "owner": {
       "name": "/home/michael/Dokumente/KIT/Elektronik-Praktikum/V07/Aufgabe 3.1.4/running_light.vhd",
       "__class__": "Path"
      },
      "name": {
       "name": "fdiv",
       "case_sensitive": false,
       "__class__": "VhdlIdentifier"
      },
      "library": {
       "name": "fdiv",
       "case_sensitive": false,
       "__class__": "VhdlIdentifier"
      },
      "locations": [
       [
        6,
        4
       ]
      ],
      "__class__": "RequiredDesignUnit"
     },
     {
      "owner": {
       "name": "/home/michael/Dokumente/KIT/Elektronik-Praktikum/V07/Aufgabe 3.1.4/running_light.vhd",
       "__class__": "Path"
      },
      "name": {
       "name": "std_logic_1164",
       "case_sensitive": false,
       "__class__": "VhdlIdentifier"
      },
      "library": {
       "name": "ieee",
       "case_sensitive": false,
       "__class__": "VhdlIdentifier"
      },
      "locations": [
       [
        2,
        4
       ]
      ],
      "__class__": "RequiredDesignUnit"
     },
     {
      "owner": {
       "name": "/home/michael/Dokumente/KIT/Elektronik-Praktikum/V07/Aufgabe 3.1.4/running_light.vhd",
       "__class__": "Path"
      },
      "name": {
       "name": "numeric_std",
       "case_sensitive": false,
       "__class__": "VhdlIdentifier"
      },
      "library": {
       "name": "ieee",
       "case_sensitive": false,
       "__class__": "VhdlIdentifier"
      },
      "locations": [
       [
        3,
        4
       ]
      ],
      "__class__": "RequiredDesignUnit"
     },
     {
      "owner": {
       "name": "/home/michael/Dokumente/KIT/Elektronik-Praktikum/V07/Aufgabe 3.1.4/running_light.vhd",
       "__class__": "Path"
      },
      "name": {
       "name": "shiftregister",
       "case_sensitive": false,
       "__class__": "VhdlIdentifier"
      },
      "library": {
       "name": "shiftregister",
       "case_sensitive": false,
       "__class__": "VhdlIdentifier"
      },
      "locations": [
       [
        8,
        4
       ]
      ],
      "__class__": "RequiredDesignUnit"
     }
    ],
    "diags": []
   },
   {
    "path": {
     "name": "/home/michael/Dokumente/KIT/Elektronik-Praktikum/V08/Aufgabe 4.1/fulladder.vhd",
     "__class__": "Path"
    },
    "mtime": 1705572713.6947153,
    "flags": {
     "source_specific": [],
     "single": [],
     "dependencies": []
    },
    "dependencies": [
     {
      "owner": {
       "name": "/home/michael/Dokumente/KIT/Elektronik-Praktikum/V08/Aufgabe 4.1/fulladder.vhd",
       "__class__": "Path"
      },
      "name": {
       "name": "std_logic_1164",
       "case_sensitive": false,
       "__class__": "VhdlIdentifier"
      },
      "library": {
       "name": "ieee",
       "case_sensitive": false,
       "__class__": "VhdlIdentifier"
      },
      "locations": [
       [
        1,
        4
       ]
      ],
      "__class__": "RequiredDesignUnit"
     },
     {
      "owner": {
       "name": "/home/michael/Dokumente/KIT/Elektronik-Praktikum/V08/Aufgabe 4.1/fulladder.vhd",
       "__class__": "Path"
      },
      "name": {
       "name": "halfadder",
       "case_sensitive": false,
       "__class__": "VhdlIdentifier"
      },
      "library": {
       "name": "halfadder",
       "case_sensitive": false,
       "__class__": "VhdlIdentifier"
      },
      "locations": [
       [
        5,
        4
       ]
      ],
      "__class__": "RequiredDesignUnit"
     },
     {
      "owner": {
       "name": "/home/michael/Dokumente/KIT/Elektronik-Praktikum/V08/Aufgabe 4.1/fulladder.vhd",
       "__class__": "Path"
      },
      "name": {
       "name": "numeric_std",
       "case_sensitive": false,
       "__class__": "VhdlIdentifier"
      },
      "library": {
       "name": "ieee",
       "case_sensitive": false,
       "__class__": "VhdlIdentifier"
      },
      "locations": [
       [
        2,
        4
       ]
      ],
      "__class__": "RequiredDesignUnit"
     }
    ],
    "diags": []
   },
   {
    "path": {
     "name": "/home/michael/Dokumente/KIT/Elektronik-Praktikum/V07/Aufgabe 3.1.2/shiftregister.vhd",
     "__class__": "Path"
    },
    "mtime": 1705327029.280694,
    "flags": {
     "source_specific": [],
     "single": [],
     "dependencies": []
    },
    "dependencies": [
     {
      "owner": {
       "name": "/home/michael/Dokumente/KIT/Elektronik-Praktikum/V07/Aufgabe 3.1.2/shiftregister.vhd",
       "__class__": "Path"
      },
      "name": {
       "name": "numeric_std",
       "case_sensitive": false,
       "__class__": "VhdlIdentifier"
      },
      "library": {
       "name": "ieee",
       "case_sensitive": false,
       "__class__": "VhdlIdentifier"
      },
      "locations": [
       [
        2,
        4
       ]
      ],
      "__class__": "RequiredDesignUnit"
     },
     {
      "owner": {
       "name": "/home/michael/Dokumente/KIT/Elektronik-Praktikum/V07/Aufgabe 3.1.2/shiftregister.vhd",
       "__class__": "Path"
      },
      "name": {
       "name": "std_logic_1164",
       "case_sensitive": false,
       "__class__": "VhdlIdentifier"
      },
      "library": {
       "name": "ieee",
       "case_sensitive": false,
       "__class__": "VhdlIdentifier"
      },
      "locations": [
       [
        1,
        4
       ]
      ],
      "__class__": "RequiredDesignUnit"
     }
    ],
    "diags": [],
    "library": {
     "name": "shiftregister",
     "case_sensitive": false,
     "__class__": "VhdlIdentifier"
    }
   },
   {
    "path": {
     "name": "/home/michael/Dokumente/KIT/Elektronik-Praktikum/V08/Aufgabe 4.1/halfadder.vhd",
     "__class__": "Path"
    },
    "mtime": 1705531154.3221214,
    "flags": {
     "source_specific": [],
     "single": [],
     "dependencies": []
    },
    "dependencies": [
     {
      "owner": {
       "name": "/home/michael/Dokumente/KIT/Elektronik-Praktikum/V08/Aufgabe 4.1/halfadder.vhd",
       "__class__": "Path"
      },
      "name": {
       "name": "std_logic_1164",
       "case_sensitive": false,
       "__class__": "VhdlIdentifier"
      },
      "library": {
       "name": "ieee",
       "case_sensitive": false,
       "__class__": "VhdlIdentifier"
      },
      "locations": [
       [
        1,
        4
       ]
      ],
      "__class__": "RequiredDesignUnit"
     },
     {
      "owner": {
       "name": "/home/michael/Dokumente/KIT/Elektronik-Praktikum/V08/Aufgabe 4.1/halfadder.vhd",
       "__class__": "Path"
      },
      "name": {
       "name": "numeric_std",
       "case_sensitive": false,
       "__class__": "VhdlIdentifier"
      },
      "library": {
       "name": "ieee",
       "case_sensitive": false,
       "__class__": "VhdlIdentifier"
      },
      "locations": [
       [
        2,
        4
       ]
      ],
      "__class__": "RequiredDesignUnit"
     }
    ],
    "diags": []
   },
   {
    "path": {
     "name": "/home/michael/Dokumente/KIT/Elektronik-Praktikum/V08/Aufgabe 4.2/db.vhd",
     "__class__": "Path"
    },
    "mtime": 1705590067.4989846,
    "flags": {
     "source_specific": [],
     "single": [],
     "dependencies": []
    },
    "dependencies": [
     {
      "owner": {
       "name": "/home/michael/Dokumente/KIT/Elektronik-Praktikum/V08/Aufgabe 4.2/db.vhd",
       "__class__": "Path"
      },
      "name": {
       "name": "std_logic_1164",
       "case_sensitive": false,
       "__class__": "VhdlIdentifier"
      },
      "library": {
       "name": "ieee",
       "case_sensitive": false,
       "__class__": "VhdlIdentifier"
      },
      "locations": [
       [
        1,
        4
       ]
      ],
      "__class__": "RequiredDesignUnit"
     },
     {
      "owner": {
       "name": "/home/michael/Dokumente/KIT/Elektronik-Praktikum/V08/Aufgabe 4.2/db.vhd",
       "__class__": "Path"
      },
      "name": {
       "name": "numeric_std",
       "case_sensitive": false,
       "__class__": "VhdlIdentifier"
      },
      "library": {
       "name": "ieee",
       "case_sensitive": false,
       "__class__": "VhdlIdentifier"
      },
      "locations": [
       [
        2,
        4
       ]
      ],
      "__class__": "RequiredDesignUnit"
     }
    ],
    "diags": []
   },
   {
    "path": {
     "name": "/home/michael/Dokumente/KIT/Elektronik-Praktikum/V08/Aufgabe 4.1/rippleadder.vhd",
     "__class__": "Path"
    },
    "mtime": 1705585281.8885198,
    "flags": {
     "source_specific": [],
     "single": [],
     "dependencies": []
    },
    "dependencies": [
     {
      "owner": {
       "name": "/home/michael/Dokumente/KIT/Elektronik-Praktikum/V08/Aufgabe 4.1/rippleadder.vhd",
       "__class__": "Path"
      },
      "name": {
       "name": "std_logic_1164",
       "case_sensitive": false,
       "__class__": "VhdlIdentifier"
      },
      "library": {
       "name": "ieee",
       "case_sensitive": false,
       "__class__": "VhdlIdentifier"
      },
      "locations": [
       [
        1,
        4
       ]
      ],
      "__class__": "RequiredDesignUnit"
     },
     {
      "owner": {
       "name": "/home/michael/Dokumente/KIT/Elektronik-Praktikum/V08/Aufgabe 4.1/rippleadder.vhd",
       "__class__": "Path"
      },
      "name": {
       "name": "numeric_std",
       "case_sensitive": false,
       "__class__": "VhdlIdentifier"
      },
      "library": {
       "name": "ieee",
       "case_sensitive": false,
       "__class__": "VhdlIdentifier"
      },
      "locations": [
       [
        2,
        4
       ]
      ],
      "__class__": "RequiredDesignUnit"
     }
    ],
    "diags": []
   },
   {
    "path": {
     "name": "/home/michael/Dokumente/KIT/Elektronik-Praktikum/V07/Aufgabe 3.1.3/fdiv.vhd",
     "__class__": "Path"
    },
    "mtime": 1705334570.587217,
    "flags": {
     "source_specific": [],
     "single": [],
     "dependencies": []
    },
    "dependencies": [
     {
      "owner": {
       "name": "/home/michael/Dokumente/KIT/Elektronik-Praktikum/V07/Aufgabe 3.1.3/fdiv.vhd",
       "__class__": "Path"
      },
      "name": {
       "name": "std_logic_1164",
       "case_sensitive": false,
       "__class__": "VhdlIdentifier"
      },
      "library": {
       "name": "ieee",
       "case_sensitive": false,
       "__class__": "VhdlIdentifier"
      },
      "locations": [
       [
        1,
        4
       ]
      ],
      "__class__": "RequiredDesignUnit"
     },
     {
      "owner": {
       "name": "/home/michael/Dokumente/KIT/Elektronik-Praktikum/V07/Aufgabe 3.1.3/fdiv.vhd",
       "__class__": "Path"
      },
      "name": {
       "name": "numeric_std",
       "case_sensitive": false,
       "__class__": "VhdlIdentifier"
      },
      "library": {
       "name": "ieee",
       "case_sensitive": false,
       "__class__": "VhdlIdentifier"
      },
      "locations": [
       [
        2,
        4
       ]
      ],
      "__class__": "RequiredDesignUnit"
     }
    ],
    "diags": [],
    "library": {
     "name": "fdiv",
     "case_sensitive": false,
     "__class__": "VhdlIdentifier"
    }
   }
  ],
  "inferred_libraries": [
   {
    "name": "/tmp/tmpaqbeiki7.vhd",
    "__class__": "Path"
   },
   {
    "name": "/tmp/tmpx6x6l4le.vhd",
    "__class__": "Path"
   },
   {
    "name": "/home/michael/Dokumente/KIT/Elektronik-Praktikum/V07/Aufgabe 3.1.4/shiftregister.vhd",
    "__class__": "Path"
   },
   {
    "name": "/tmp/tmpo6c8029n.vhd",
    "__class__": "Path"
   },
   {
    "name": "/tmp/tmpkrrk7ra4.vhd",
    "__class__": "Path"
   },
   {
    "name": "/tmp/tmppuyysd6t.vhd",
    "__class__": "Path"
   },
   {
    "name": "/tmp/tmpfakt1x24.vhd",
    "__class__": "Path"
   },
   {
    "name": "/tmp/tmp57wqq6kr.vhd",
    "__class__": "Path"
   },
   {
    "name": "/tmp/tmpu8o8sl_z.vhd",
    "__class__": "Path"
   },
   {
    "name": "/tmp/tmp1f0cqluv.vhd",
    "__class__": "Path"
   },
   {
    "name": "/tmp/tmpxa1x2beo.vhd",
    "__class__": "Path"
   },
   {
    "name": "/tmp/tmp86f9thpe.vhd",
    "__class__": "Path"
   },
   {
    "name": "/tmp/tmpvh0c2hvv.vhd",
    "__class__": "Path"
   },
   {
    "name": "/tmp/tmpkevc7_5i.vhd",
    "__class__": "Path"
   },
   {
    "name": "/tmp/tmpmqduw55e.vhd",
    "__class__": "Path"
   },
   {
    "name": "/tmp/tmpigl9x2sj.vhd",
    "__class__": "Path"
   },
   {
    "name": "/tmp/tmpy8f_fnpf.vhd",
    "__class__": "Path"
   },
   {
    "name": "/tmp/tmppmtlusc5.vhd",
    "__class__": "Path"
   },
   {
    "name": "/home/michael/Dokumente/KIT/Elektronik-Praktikum/V07/Aufgabe 3.1.1/sevensegment.vhd",
    "__class__": "Path"
   },
   {
    "name": "/tmp/tmp1g_88al9.vhd",
    "__class__": "Path"
   },
   {
    "name": "/tmp/tmpmjo8nmka.vhd",
    "__class__": "Path"
   },
   {
    "name": "/tmp/tmp02muomog.vhd",
    "__class__": "Path"
   },
   {
    "name": "/tmp/tmp688cfn54.vhd",
    "__class__": "Path"
   },
   {
    "name": "/tmp/tmp6zhrrzyy.vhd",
    "__class__": "Path"
   },
   {
    "name": "/tmp/tmp8tjbtd15.vhd",
    "__class__": "Path"
   },
   {
    "name": "/tmp/tmp0n2wlr7v.vhd",
    "__class__": "Path"
   },
   {
    "name": "/tmp/tmp7wausnv3.vhd",
    "__class__": "Path"
   },
   {
    "name": "/tmp/tmp9is4mnxn.vhd",
    "__class__": "Path"
   },
   {
    "name": "/tmp/tmpl51a75gt.vhd",
    "__class__": "Path"
   },
   {
    "name": "/tmp/tmpyno2jayt.vhd",
    "__class__": "Path"
   },
   {
    "name": "/tmp/tmpsbjscmyz.vhd",
    "__class__": "Path"
   },
   {
    "name": "/tmp/tmp85p4j_d0.vhd",
    "__class__": "Path"
   },
   {
    "name": "/home/michael/Dokumente/KIT/Elektronik-Praktikum/V07/Aufgabe 3.1.4/fdiv.vhd",
    "__class__": "Path"
   },
   {
    "name": "/tmp/tmp1i4vfra3.vhd",
    "__class__": "Path"
   },
   {
    "name": "/tmp/tmpoceh_s1p.vhd",
    "__class__": "Path"
   },
   {
    "name": "/tmp/tmpdxm6dpaf.vhd",
    "__class__": "Path"
   },
   {
    "name": "/tmp/tmpf3lzxx0y.vhd",
    "__class__": "Path"
   },
   {
    "name": "/tmp/tmpmqjkkplo.vhd",
    "__class__": "Path"
   },
   {
    "name": "/tmp/tmp2tj5kvi2.vhd",
    "__class__": "Path"
   },
   {
    "name": "/tmp/tmpe4gkjjc6.vhd",
    "__class__": "Path"
   },
   {
    "name": "/tmp/tmphwqm_5u8.vhd",
    "__class__": "Path"
   },
   {
    "name": "/tmp/tmpqniwz5_h.vhd",
    "__class__": "Path"
   },
   {
    "name": "/tmp/tmpiur7g5c9.vhd",
    "__class__": "Path"
   },
   {
    "name": "/tmp/tmp6vdtbqgn.vhd",
    "__class__": "Path"
   },
   {
    "name": "/tmp/tmp1pdg4kk3.vhd",
    "__class__": "Path"
   },
   {
    "name": "/tmp/tmp7eta2w1b.vhd",
    "__class__": "Path"
   },
   {
    "name": "/tmp/tmpcw7vshj4.vhd",
    "__class__": "Path"
   },
   {
    "name": "/tmp/tmpc1x9kbbb.vhd",
    "__class__": "Path"
   },
   {
    "name": "/tmp/tmp55l21pws.vhd",
    "__class__": "Path"
   },
   {
    "name": "/tmp/tmpq9thhujw.vhd",
    "__class__": "Path"
   },
   {
    "name": "/tmp/tmpremxhvq1.vhd",
    "__class__": "Path"
   },
   {
    "name": "/tmp/tmp2s3bvidq.vhd",
    "__class__": "Path"
   },
   {
    "name": "/tmp/tmpvislhly8.vhd",
    "__class__": "Path"
   },
   {
    "name": "/tmp/tmp_4vgw50e.vhd",
    "__class__": "Path"
   },
   {
    "name": "/tmp/tmpbzdpjnmf.vhd",
    "__class__": "Path"
   },
   {
    "name": "/tmp/tmp2_xxrylg.vhd",
    "__class__": "Path"
   },
   {
    "name": "/tmp/tmphyfq19sy.vhd",
    "__class__": "Path"
   },
   {
    "name": "/tmp/tmpkkogjajk.vhd",
    "__class__": "Path"
   },
   {
    "name": "/tmp/tmpgbljnjx3.vhd",
    "__class__": "Path"
   },
   {
    "name": "/tmp/tmp9hzdapo7.vhd",
    "__class__": "Path"
   },
   {
    "name": "/tmp/tmpixk44kpo.vhd",
    "__class__": "Path"
   },
   {
    "name": "/tmp/tmp59dwtfew.vhd",
    "__class__": "Path"
   },
   {
    "name": "/tmp/tmpqh5tgrk5.vhd",
    "__class__": "Path"
   },
   {
    "name": "/tmp/tmpcuo77boy.vhd",
    "__class__": "Path"
   },
   {
    "name": "/tmp/tmpvcdy2zac.vhd",
    "__class__": "Path"
   },
   {
    "name": "/tmp/tmprl6ytbfl.vhd",
    "__class__": "Path"
   },
   {
    "name": "/tmp/tmpyfr923cl.vhd",
    "__class__": "Path"
   },
   {
    "name": "/tmp/tmpikno_xqq.vhd",
    "__class__": "Path"
   },
   {
    "name": "/tmp/tmp8z_9ylxe.vhd",
    "__class__": "Path"
   },
   {
    "name": "/tmp/tmptsg3yd2k.vhd",
    "__class__": "Path"
   },
   {
    "name": "/tmp/tmplut_pycn.vhd",
    "__class__": "Path"
   },
   {
    "name": "/home/michael/Dokumente/KIT/Elektronik-Praktikum/V07/Aufgabe 3.1.3/fdiv.vhd",
    "__class__": "Path"
   },
   {
    "name": "/tmp/tmp1vtv2zfu.vhd",
    "__class__": "Path"
   },
   {
    "name": "/tmp/tmptenvi8q9.vhd",
    "__class__": "Path"
   },
   {
    "name": "/home/michael/Dokumente/KIT/Elektronik-Praktikum/V07/Aufgabe 3.1.4/running_light.vhd",
    "__class__": "Path"
   },
   {
    "name": "/tmp/tmpzb_571nq.vhd",
    "__class__": "Path"
   },
   {
    "name": "/home/michael/Dokumente/KIT/Elektronik-Praktikum/V07/Aufgabe 3.1.2/shiftregister.vhd",
    "__class__": "Path"
   }
  ],
  "design_units": [
   {
    "owner": {
     "name": "/home/michael/Dokumente/KIT/Elektronik-Praktikum/V07/Aufgabe 3.1.2/shiftregister.vhd",
     "__class__": "Path"
    },
    "type_": "entity",
    "name": {
     "name": "shiftregister",
     "case_sensitive": false,
     "__class__": "VhdlIdentifier"
    },
    "locations": [
     [
      4,
      7
     ]
    ],
    "__class__": "VhdlDesignUnit"
   },
   {
    "owner": {
     "name": "/home/michael/Dokumente/KIT/Elektronik-Praktikum/VHDL_Project/orgate.vhd",
     "__class__": "Path"
    },
    "type_": "entity",
    "name": {
     "name": "orgate",
     "case_sensitive": false,
     "__class__": "VhdlIdentifier"
    },
    "locations": [
     [
      4,
      7
     ]
    ],
    "__class__": "VhdlDesignUnit"
   },
   {
    "owner": {
     "name": "/home/michael/Dokumente/KIT/Elektronik-Praktikum/V08/Aufgabe 4.1/halfadder.vhd",
     "__class__": "Path"
    },
    "type_": "entity",
    "name": {
     "name": "halfadder",
     "case_sensitive": false,
     "__class__": "VhdlIdentifier"
    },
    "locations": [
     [
      4,
      7
     ]
    ],
    "__class__": "VhdlDesignUnit"
   },
   {
    "owner": {
     "name": "/home/michael/Dokumente/KIT/Elektronik-Praktikum/V07/Aufgabe 3.1.3/fdiv.vhd",
     "__class__": "Path"
    },
    "type_": "entity",
    "name": {
     "name": "fdiv",
     "case_sensitive": false,
     "__class__": "VhdlIdentifier"
    },
    "locations": [
     [
      4,
      7
     ]
    ],
    "__class__": "VhdlDesignUnit"
   },
   {
    "owner": {
     "name": "/home/michael/Dokumente/KIT/Elektronik-Praktikum/V07/Aufgabe 3.1.4/fdiv.vhd",
     "__class__": "Path"
    },
    "type_": "entity",
    "name": {
     "name": "fdiv",
     "case_sensitive": false,
     "__class__": "VhdlIdentifier"
    },
    "locations": [
     [
      4,
      7
     ]
    ],
    "__class__": "VhdlDesignUnit"
   },
   {
    "owner": {
     "name": "/home/michael/Dokumente/KIT/Elektronik-Praktikum/V09/Aufgabe 5.2/prng.vhd",
     "__class__": "Path"
    },
    "type_": "entity",
    "name": {
     "name": "prng",
     "case_sensitive": false,
     "__class__": "VhdlIdentifier"
    },
    "locations": [
     [
      5,
      7
     ]
    ],
    "__class__": "VhdlDesignUnit"
   },
   {
    "owner": {
     "name": "/home/michael/Dokumente/KIT/Elektronik-Praktikum/V07/Aufgabe 3.1.1/sevensegment.vhd",
     "__class__": "Path"
    },
    "type_": "entity",
    "name": {
     "name": "sevensegment",
     "case_sensitive": false,
     "__class__": "VhdlIdentifier"
    },
    "locations": [
     [
      4,
      7
     ]
    ],
    "__class__": "VhdlDesignUnit"
   },
   {
    "owner": {
     "name": "/home/michael/Dokumente/KIT/Elektronik-Praktikum/V08/Aufgabe 4.2/debounce.vhd",
     "__class__": "Path"
    },
    "type_": "entity",
    "name": {
     "name": "debounce",
     "case_sensitive": false,
     "__class__": "VhdlIdentifier"
    },
    "locations": [
     [
      4,
      7
     ]
    ],
    "__class__": "VhdlDesignUnit"
   },
   {
    "owner": {
     "name": "/home/michael/Dokumente/KIT/Elektronik-Praktikum/V07/Aufgabe 3.1.4/running_light.vhd",
     "__class__": "Path"
    },
    "type_": "entity",
    "name": {
     "name": "running_light",
     "case_sensitive": false,
     "__class__": "VhdlIdentifier"
    },
    "locations": [
     [
      11,
      7
     ]
    ],
    "__class__": "VhdlDesignUnit"
   },
   {
    "owner": {
     "name": "/home/michael/Dokumente/KIT/Elektronik-Praktikum/V08/Aufgabe 4.2/db.vhd",
     "__class__": "Path"
    },
    "type_": "entity",
    "name": {
     "name": "db",
     "case_sensitive": false,
     "__class__": "VhdlIdentifier"
    },
    "locations": [
     [
      4,
      7
     ]
    ],
    "__class__": "VhdlDesignUnit"
   },
   {
    "owner": {
     "name": "/home/michael/Dokumente/KIT/Elektronik-Praktikum/V08/Aufgabe 4.1/rippleadder.vhd",
     "__class__": "Path"
    },
    "type_": "entity",
    "name": {
     "name": "rippleadder",
     "case_sensitive": false,
     "__class__": "VhdlIdentifier"
    },
    "locations": [
     [
      4,
      7
     ]
    ],
    "__class__": "VhdlDesignUnit"
   },
   {
    "owner": {
     "name": "/home/michael/Dokumente/KIT/Elektronik-Praktikum/V07/Aufgabe 3.1.4/shiftregister.vhd",
     "__class__": "Path"
    },
    "type_": "entity",
    "name": {
     "name": "shiftregister",
     "case_sensitive": false,
     "__class__": "VhdlIdentifier"
    },
    "locations": [
     [
      4,
      7
     ]
    ],
    "__class__": "VhdlDesignUnit"
   },
   {
    "owner": {
     "name": "/home/michael/Dokumente/KIT/Elektronik-Praktikum/V08/Aufgabe 4.1/fulladder.vhd",
     "__class__": "Path"
    },
    "type_": "entity",
    "name": {
     "name": "fulladder",
     "case_sensitive": false,
     "__class__": "VhdlIdentifier"
    },
    "locations": [
     [
      7,
      7
     ]
    ],
    "__class__": "VhdlDesignUnit"
   }
  ],
  "__class__": "Database"
 },
 "__version__": "0.7.4"
}